,post_id,user_id,viewed,liked,category
0,12,1,0,1,Vible
1,12,36,0,1,Vible
2,13,47,1,0,Vible
3,13,149,1,0,Vible
4,13,152,1,0,Vible
5,13,160,1,0,Vible
6,13,167,1,0,Vible
7,13,192,1,0,Vible
8,13,194,1,0,Vible
9,13,243,1,0,Vible
10,13,260,1,0,Vible
11,13,263,1,0,Vible
12,13,348,1,0,Vible
13,13,352,1,0,Vible
14,13,361,1,0,Vible
15,14,1,0,1,Vible
16,14,9,0,1,Vible
17,14,47,1,0,Vible
18,14,167,1,0,Vible
19,15,1,0,1,Vible
20,15,47,1,0,Vible
21,15,149,1,0,Vible
22,15,155,1,0,Vible
23,15,160,1,0,Vible
24,15,167,1,0,Vible
25,15,185,1,0,Vible
26,15,194,1,0,Vible
27,16,1,0,1,Vible
28,16,18,0,1,Vible
29,16,36,0,1,Vible
30,16,47,1,0,Vible
31,16,149,1,0,Vible
32,16,155,1,0,Vible
33,16,167,1,0,Vible
34,16,194,1,0,Vible
35,17,1,0,1,Vible
36,17,149,1,0,Vible
37,19,1,0,1,Vible
38,19,9,0,1,Vible
39,19,47,1,0,Vible
40,19,155,1,0,Vible
41,19,160,1,0,Vible
42,19,166,1,0,Vible
43,19,167,1,0,Vible
44,19,175,1,0,Vible
45,19,194,1,0,Vible
46,23,18,0,1,Vible
47,26,9,0,1,Vible
48,26,18,0,1,Vible
49,29,1,0,1,Vible
50,29,5,0,1,Vible
51,30,9,0,1,Vible
52,31,1,0,1,Vible
53,31,9,0,1,Vible
54,31,47,1,0,Vible
55,31,152,1,0,Vible
56,31,155,1,0,Vible
57,31,167,1,0,Vible
58,31,179,1,0,Vible
59,31,185,1,0,Vible
60,31,194,1,0,Vible
61,31,431,0,1,Vible
62,32,1,0,1,Vible
63,33,1,0,1,Vible
64,33,9,0,1,Vible
65,33,18,0,1,Vible
66,33,47,1,1,Vible
67,33,148,1,0,Vible
68,33,149,1,0,Vible
69,33,151,1,0,Vible
70,33,155,1,0,Vible
71,33,167,1,0,Vible
72,33,175,1,0,Vible
73,33,184,1,0,Vible
74,33,194,1,0,Vible
75,33,289,1,0,Vible
76,33,345,1,0,Vible
77,33,355,1,0,Vible
78,33,360,1,0,Vible
79,35,9,0,1,Vible
80,36,1,0,1,Vible
81,36,9,0,1,Vible
82,36,16,0,1,Vible
83,36,47,1,0,Vible
84,36,152,1,0,Vible
85,36,155,1,0,Vible
86,36,166,1,0,Vible
87,36,167,1,0,Vible
88,36,175,1,0,Vible
89,36,179,1,0,Vible
90,36,194,1,0,Vible
91,38,5,0,1,Vible
92,38,47,1,0,Vible
93,38,149,1,0,Vible
94,38,152,1,0,Vible
95,38,155,1,0,Vible
96,38,167,1,0,Vible
97,38,194,1,0,Vible
98,39,1,0,1,Vible
99,39,5,0,1,Vible
100,39,167,1,0,Vible
101,39,170,1,0,Vible
102,40,167,1,0,Vible
103,40,184,1,0,Vible
104,40,254,1,0,Vible
105,40,260,1,0,Vible
106,40,289,1,0,Vible
107,40,422,0,1,Vible
108,40,520,0,1,Vible
109,43,152,1,0,Vible
110,43,194,1,0,Vible
111,43,254,0,1,Vible
112,43,531,0,1,Vible
113,44,18,0,1,Vible
114,44,152,1,0,Vible
115,44,332,1,1,Vible
116,44,348,1,1,Vible
117,44,352,1,0,Vible
118,44,361,1,0,Vible
119,44,486,0,1,Vible
120,44,519,0,1,Vible
121,44,531,0,1,Vible
122,44,558,0,1,Vible
123,44,768,0,1,Vible
124,44,775,0,1,Vible
125,46,152,1,0,Vible
126,47,1,0,1,Vible
127,49,254,1,1,Vible
128,50,19,0,1,Vible
129,52,1,0,1,Vible
130,52,9,0,1,Vible
131,52,18,0,1,Vible
132,52,47,1,1,Vible
133,52,155,1,0,Vible
134,52,167,1,0,Vible
135,52,184,1,0,Vible
136,52,203,1,1,Vible
137,52,254,1,0,Vible
138,54,9,0,1,Vible
139,56,1,0,1,Vible
140,56,9,0,1,Vible
141,56,47,1,0,Vible
142,56,149,1,0,Vible
143,56,152,1,0,Vible
144,56,155,1,1,Vible
145,56,167,1,1,Vible
146,56,187,0,1,Vible
147,56,194,1,0,Vible
148,56,254,1,0,Vible
149,56,531,0,1,Vible
150,58,1,0,1,Vible
151,58,18,0,1,Vible
152,58,47,1,0,Vible
153,59,19,0,1,Vible
154,60,19,0,1,Vible
155,60,47,1,0,Vible
156,60,149,1,0,Vible
157,60,160,1,0,Vible
158,60,167,1,0,Vible
159,60,194,1,0,Vible
160,61,5,0,1,E/ACC
161,62,18,0,1,E/ACC
162,63,16,0,1,E/ACC
163,63,18,0,1,E/ACC
164,63,44,1,1,E/ACC
165,64,1,0,1,E/ACC
166,64,9,0,1,E/ACC
167,64,18,0,1,E/ACC
168,64,44,1,1,E/ACC
169,64,47,1,0,E/ACC
170,65,9,0,1,E/ACC
171,65,18,0,1,E/ACC
172,65,44,1,1,E/ACC
173,66,1,0,1,E/ACC
174,66,9,0,1,E/ACC
175,66,44,1,1,E/ACC
176,66,867,0,1,E/ACC
177,67,9,0,1,E/ACC
178,67,44,1,1,E/ACC
179,73,1,0,1,E/ACC
180,74,1,0,1,E/ACC
181,75,1,0,1,E/ACC
182,77,18,0,1,E/ACC
183,80,18,0,1,E/ACC
184,81,19,0,1,The Igloo
185,81,26,1,0,The Igloo
186,81,39,0,1,The Igloo
187,81,106,0,1,The Igloo
188,81,136,1,0,The Igloo
189,81,149,1,0,The Igloo
190,81,151,1,0,The Igloo
191,81,180,1,1,The Igloo
192,81,182,1,0,The Igloo
193,81,192,1,0,The Igloo
194,81,197,1,0,The Igloo
195,81,216,1,0,The Igloo
196,81,275,0,1,The Igloo
197,81,590,0,1,The Igloo
198,82,5,0,1,Vible
199,82,9,0,1,Vible
200,82,16,1,0,Vible
201,82,167,1,0,Vible
202,83,1,0,1,Vible
203,83,152,1,0,Vible
204,83,167,1,0,Vible
205,83,192,1,0,Vible
206,84,1,0,1,Vible
207,84,5,0,1,Vible
208,84,9,0,1,Vible
209,84,31,0,1,Vible
210,84,36,0,1,Vible
211,84,47,1,0,Vible
212,84,149,1,0,Vible
213,84,152,1,0,Vible
214,84,155,1,0,Vible
215,84,167,1,0,Vible
216,84,192,1,0,Vible
217,84,194,1,0,Vible
218,84,243,1,0,Vible
219,86,1,0,1,Vible
220,86,18,0,1,Vible
221,86,19,0,1,Vible
222,86,47,1,0,Vible
223,86,151,1,0,Vible
224,86,155,1,0,Vible
225,86,167,1,0,Vible
226,86,170,1,0,Vible
227,86,184,1,0,Vible
228,86,185,1,0,Vible
229,86,194,1,0,Vible
230,86,289,1,0,Vible
231,88,18,0,1,E/ACC
232,94,18,0,1,E/ACC
233,97,1,0,1,E/ACC
234,97,18,0,1,E/ACC
235,100,1,0,1,Vible
236,100,9,0,1,Vible
237,100,152,1,0,Vible
238,100,167,1,0,Vible
239,130,47,1,0,Vible
240,130,167,1,0,Vible
241,130,194,1,0,Vible
242,131,31,0,1,Vible
243,132,1,0,1,Vible
244,133,1,0,1,Vible
245,135,31,0,1,Vible
246,142,1,0,1,Vible
247,142,9,0,1,Vible
248,142,18,0,1,Vible
249,142,47,1,0,Vible
250,142,155,1,0,Vible
251,142,167,1,0,Vible
252,142,174,1,0,Vible
253,142,520,0,1,Vible
254,143,1,0,1,Vible
255,143,47,1,0,Vible
256,143,151,1,0,Vible
257,143,155,1,0,Vible
258,143,167,1,0,Vible
259,143,170,1,0,Vible
260,143,175,1,0,Vible
261,143,184,1,0,Vible
262,143,185,1,1,Vible
263,143,187,0,1,Vible
264,143,240,1,0,Vible
265,143,289,1,0,Vible
266,143,355,1,0,Vible
267,143,359,1,0,Vible
268,143,365,1,0,Vible
269,143,368,1,0,Vible
270,143,435,0,1,Vible
271,147,167,1,0,Vible
272,148,1,0,1,Vible
273,148,9,0,1,Vible
274,148,47,1,0,Vible
275,148,155,1,0,Vible
276,148,167,1,0,Vible
277,150,47,1,0,Vible
278,150,152,1,0,Vible
279,150,155,1,0,Vible
280,150,167,1,0,Vible
281,150,192,1,0,Vible
282,150,194,1,0,Vible
283,150,404,0,1,Vible
284,151,1,0,1,Vible
285,151,5,0,1,Vible
286,151,19,0,1,Vible
287,151,26,1,0,Vible
288,151,36,1,0,Vible
289,151,47,1,0,Vible
290,151,68,1,0,Vible
291,151,118,1,0,Vible
292,151,119,1,0,Vible
293,151,120,1,0,Vible
294,151,121,1,0,Vible
295,151,123,1,0,Vible
296,151,124,1,0,Vible
297,151,127,1,0,Vible
298,151,128,1,0,Vible
299,151,141,1,0,Vible
300,151,148,1,0,Vible
301,151,149,1,0,Vible
302,151,151,1,1,Vible
303,151,152,1,0,Vible
304,151,154,1,0,Vible
305,151,155,1,0,Vible
306,151,162,1,0,Vible
307,151,163,1,0,Vible
308,151,164,1,0,Vible
309,151,166,1,0,Vible
310,151,167,1,0,Vible
311,151,170,1,1,Vible
312,151,174,1,0,Vible
313,151,178,1,0,Vible
314,151,181,1,0,Vible
315,151,184,1,0,Vible
316,151,194,1,0,Vible
317,151,240,1,0,Vible
318,151,243,1,0,Vible
319,151,289,1,0,Vible
320,151,355,1,0,Vible
321,151,357,1,0,Vible
322,151,368,1,0,Vible
323,151,603,0,1,Vible
324,152,1,0,1,Vible
325,152,47,1,0,Vible
326,153,1,0,1,Vible
327,153,47,1,0,Vible
328,153,155,1,0,Vible
329,153,167,1,0,Vible
330,153,194,1,0,Vible
331,154,1,0,1,Vible
332,154,47,1,0,Vible
333,154,149,1,0,Vible
334,154,155,1,0,Vible
335,154,167,1,0,Vible
336,155,1,0,1,Vible
337,155,9,0,1,Vible
338,155,47,1,0,Vible
339,155,149,1,0,Vible
340,155,155,1,0,Vible
341,155,167,1,0,Vible
342,156,170,1,0,Vible
343,158,1,0,1,Vible
344,158,9,0,1,Vible
345,158,47,1,0,Vible
346,158,155,1,0,Vible
347,158,167,1,0,Vible
348,158,194,1,0,Vible
349,159,1,0,1,Vible
350,159,5,0,1,Vible
351,159,9,0,1,Vible
352,159,19,0,1,Vible
353,159,26,1,0,Vible
354,159,47,1,0,Vible
355,159,151,1,1,Vible
356,159,155,1,0,Vible
357,159,167,1,0,Vible
358,159,170,1,0,Vible
359,159,173,1,0,Vible
360,159,174,1,0,Vible
361,159,175,1,0,Vible
362,159,177,1,0,Vible
363,159,178,1,0,Vible
364,159,184,1,0,Vible
365,159,185,1,0,Vible
366,159,187,0,1,Vible
367,159,188,1,0,Vible
368,159,192,1,0,Vible
369,159,207,1,1,Vible
370,159,208,1,0,Vible
371,159,212,1,0,Vible
372,159,214,1,0,Vible
373,159,216,1,0,Vible
374,159,218,1,1,Vible
375,159,223,1,0,Vible
376,159,224,1,0,Vible
377,159,226,1,0,Vible
378,159,240,1,0,Vible
379,159,241,1,1,Vible
380,159,243,1,0,Vible
381,159,246,1,1,Vible
382,159,249,1,0,Vible
383,159,252,1,0,Vible
384,159,254,0,1,Vible
385,159,257,1,0,Vible
386,159,262,1,0,Vible
387,159,269,1,0,Vible
388,159,279,1,0,Vible
389,159,295,1,0,Vible
390,159,320,1,0,Vible
391,159,332,1,1,Vible
392,159,334,1,1,Vible
393,159,335,1,0,Vible
394,159,344,1,0,Vible
395,159,352,1,0,Vible
396,159,353,1,0,Vible
397,159,355,1,0,Vible
398,159,359,1,0,Vible
399,159,361,1,0,Vible
400,159,368,1,1,Vible
401,159,370,1,0,Vible
402,159,440,0,1,Vible
403,159,531,0,1,Vible
404,159,616,0,1,Vible
405,159,702,0,1,Vible
406,159,840,0,1,Vible
407,159,852,0,1,Vible
408,159,909,0,1,Vible
409,160,1,0,1,Vible
410,160,18,0,1,Vible
411,160,26,1,0,Vible
412,160,47,1,0,Vible
413,160,155,1,0,Vible
414,160,167,1,0,Vible
415,160,194,1,0,Vible
416,161,1,0,1,Vible
417,161,5,0,1,Vible
418,161,26,1,1,Vible
419,161,47,1,0,Vible
420,161,149,1,1,Vible
421,161,151,1,1,Vible
422,161,155,1,0,Vible
423,161,167,1,0,Vible
424,161,174,1,0,Vible
425,161,175,1,0,Vible
426,161,184,1,0,Vible
427,161,240,1,0,Vible
428,161,353,1,0,Vible
429,161,355,1,0,Vible
430,161,359,1,0,Vible
431,161,368,1,0,Vible
432,161,419,0,1,Vible
433,161,494,0,1,Vible
434,161,520,0,1,Vible
435,163,47,1,1,Vible
436,163,148,1,0,Vible
437,163,152,1,0,Vible
438,163,155,1,0,Vible
439,163,167,1,0,Vible
440,163,192,1,0,Vible
441,163,210,1,1,Vible
442,164,1,0,1,Vible
443,164,9,0,1,Vible
444,164,47,1,1,Vible
445,165,152,1,0,Vible
446,165,155,1,0,Vible
447,166,19,0,1,Vible
448,167,18,0,1,Vible
449,168,9,0,1,Vible
450,169,9,0,1,Vible
451,169,187,0,1,Vible
452,169,192,1,0,Vible
453,171,1,0,1,Vible
454,171,148,1,0,Vible
455,171,167,1,0,Vible
456,171,192,1,1,Vible
457,173,5,0,1,Vible
458,173,47,1,0,Vible
459,173,149,1,0,Vible
460,173,152,1,0,Vible
461,173,155,1,0,Vible
462,173,167,1,0,Vible
463,173,192,1,0,Vible
464,173,194,1,0,Vible
465,173,348,1,0,Vible
466,173,361,1,0,Vible
467,173,520,0,1,Vible
468,173,770,0,1,Vible
469,173,802,0,1,Vible
470,173,840,0,1,Vible
471,173,864,0,1,Vible
472,173,868,0,1,Vible
473,175,19,0,1,Vible
474,175,167,1,0,Vible
475,175,187,0,1,Vible
476,177,5,0,1,Vible
477,177,47,1,0,Vible
478,177,149,1,1,Vible
479,177,152,1,0,Vible
480,177,167,1,0,Vible
481,177,194,1,0,Vible
482,177,243,1,0,Vible
483,186,172,1,0,E/ACC
484,189,5,0,1,E/ACC
485,189,18,0,1,E/ACC
486,189,172,1,0,E/ACC
487,190,5,0,1,E/ACC
488,190,18,0,1,E/ACC
489,191,172,1,1,E/ACC
490,193,148,1,0,E/ACC
491,193,172,1,1,E/ACC
492,207,5,0,1,E/ACC
493,211,47,1,0,Vible
494,212,47,1,0,Vible
495,213,47,1,0,Vible
496,213,152,1,0,Vible
497,216,5,0,1,Vible
498,228,18,0,1,E/ACC
499,247,192,1,0,Vible
500,252,19,0,1,Vible
501,252,47,1,0,Vible
502,258,172,1,0,E/ACC
503,259,172,1,0,E/ACC
504,269,169,0,1,E/ACC
505,296,18,0,1,E/ACC
506,298,18,0,1,E/ACC
507,298,39,0,1,E/ACC
508,358,1,0,1,Vible
509,359,9,0,1,Vible
510,359,18,0,1,Vible
511,359,167,1,0,Vible
512,362,152,1,0,Vible
513,362,155,1,0,Vible
514,362,167,1,0,Vible
515,362,192,1,0,Vible
516,362,194,1,0,Vible
517,363,47,1,0,Vible
518,363,152,1,0,Vible
519,363,192,1,0,Vible
520,363,243,1,0,Vible
521,364,47,1,1,Vible
522,365,9,0,1,Vible
523,366,9,0,1,Vible
524,370,5,0,1,E/ACC
525,371,5,0,1,E/ACC
526,373,179,1,0,E/ACC
527,376,9,0,1,Vible
528,377,5,0,1,Vible
529,377,47,1,0,Vible
530,377,159,1,0,Vible
531,378,18,0,1,Vible
532,379,47,1,0,Vible
533,379,152,1,0,Vible
534,383,9,0,1,Vible
535,386,47,1,0,Vible
536,387,47,1,0,Vible
537,388,9,0,1,Vible
538,390,47,1,0,Vible
539,390,170,0,1,Vible
540,391,165,1,0,E/ACC
541,392,26,1,0,E/ACC
542,393,26,1,0,E/ACC
543,393,165,1,0,E/ACC
544,394,26,1,0,E/ACC
545,397,173,1,0,E/ACC
546,404,39,1,0,E/ACC
547,411,149,1,0,E/ACC
548,412,47,1,1,Vible
549,413,47,1,0,Vible
550,414,47,1,0,Vible
551,415,18,0,1,Vible
552,415,26,1,0,Vible
553,415,47,1,0,Vible
554,415,141,1,0,Vible
555,415,151,1,0,Vible
556,415,155,1,1,Vible
557,415,166,1,0,Vible
558,415,167,1,1,Vible
559,415,184,1,0,Vible
560,415,203,1,1,Vible
561,415,260,0,1,Vible
562,415,289,1,0,Vible
563,415,345,1,0,Vible
564,415,355,1,0,Vible
565,415,358,1,0,Vible
566,416,1,0,1,Vible
567,417,18,0,1,Vible
568,422,18,0,1,Vible
569,422,47,1,0,Vible
570,422,161,1,0,Vible
571,423,18,0,1,Vible
572,423,47,1,1,Vible
573,424,18,0,1,Vible
574,425,18,0,1,Vible
575,426,1,0,1,Vible
576,426,18,0,1,Vible
577,426,47,1,0,Vible
578,426,152,1,0,Vible
579,426,167,1,0,Vible
580,427,18,0,1,Vible
581,427,47,1,1,Vible
582,428,18,0,1,Vible
583,430,18,0,1,Vible
584,430,47,1,1,Vible
585,432,18,0,1,Vible
586,432,47,1,0,Vible
587,433,18,0,1,Vible
588,433,172,0,1,Vible
589,434,18,0,1,Vible
590,434,172,0,1,Vible
591,436,1,0,1,Vible
592,436,18,0,1,Vible
593,436,47,1,1,Vible
594,436,167,1,0,Vible
595,436,185,1,0,Vible
596,437,1,0,1,Vible
597,437,18,0,1,Vible
598,437,172,1,0,Vible
599,438,18,0,1,Vible
600,438,172,1,0,Vible
601,446,44,1,0,E/ACC
602,447,44,1,1,E/ACC
603,448,44,1,0,E/ACC
604,449,5,0,1,E/ACC
605,449,172,0,1,E/ACC
606,451,172,1,1,Vible
607,452,18,0,1,Vible
608,452,47,1,0,Vible
609,452,172,0,1,Vible
610,452,182,1,0,Vible
611,453,1,0,1,Vible
612,453,18,0,1,Vible
613,453,47,1,1,Vible
614,453,147,1,0,Vible
615,453,172,1,1,Vible
616,454,18,0,1,Vible
617,454,172,1,1,Vible
618,455,9,0,1,Vible
619,455,18,0,1,Vible
620,456,18,0,1,Vible
621,456,47,1,0,Vible
622,457,18,0,1,Vible
623,458,18,0,1,Vible
624,458,26,1,1,Vible
625,459,1,0,1,Gratitube
626,459,5,0,1,Gratitube
627,459,9,0,1,Gratitube
628,459,18,0,1,Gratitube
629,459,19,0,1,Gratitube
630,459,26,1,1,Gratitube
631,459,39,1,0,Gratitube
632,459,97,0,1,Gratitube
633,459,180,1,1,Gratitube
634,459,192,1,0,Gratitube
635,460,1,0,1,Vible
636,460,18,0,1,Vible
637,460,176,1,0,Vible
638,461,1,0,1,Vible
639,461,18,0,1,Vible
640,461,47,1,1,Vible
641,461,167,1,0,Vible
642,462,18,0,1,Vible
643,462,47,1,1,Vible
644,462,142,1,0,Vible
645,463,18,0,1,Vible
646,464,18,0,1,Vible
647,466,18,0,1,Vible
648,466,53,1,0,Vible
649,467,18,0,1,Vible
650,467,53,1,0,Vible
651,468,18,0,1,Vible
652,468,47,1,0,Vible
653,469,9,0,1,Vible
654,469,18,0,1,Vible
655,469,41,0,1,Vible
656,469,47,1,0,Vible
657,469,203,1,0,Vible
658,473,44,1,0,E/ACC
659,477,1,0,1,E/ACC
660,487,18,0,1,Vible
661,487,47,1,0,Vible
662,488,18,0,1,Vible
663,491,1,0,1,Vible
664,491,18,0,1,Vible
665,491,47,1,0,Vible
666,494,1,0,1,Vible
667,494,18,0,1,Vible
668,496,18,0,1,Vible
669,496,47,1,1,Vible
670,496,136,1,0,Vible
671,497,9,0,1,Vible
672,497,18,0,1,Vible
673,498,18,0,1,Vible
674,499,1,0,1,Vible
675,499,18,0,1,Vible
676,499,47,1,0,Vible
677,510,183,1,0,Vible
678,512,47,1,1,Vible
679,512,155,1,0,Vible
680,512,167,1,0,Vible
681,512,194,1,0,Vible
682,512,260,1,1,Vible
683,512,289,1,0,Vible
684,513,1,0,1,Vible
685,513,44,1,0,Vible
686,513,47,1,0,Vible
687,513,155,1,0,Vible
688,513,167,1,0,Vible
689,515,65,0,1,Vible
690,516,47,1,1,Vible
691,516,155,1,0,Vible
692,516,160,1,0,Vible
693,516,167,1,0,Vible
694,516,194,1,0,Vible
695,517,47,1,1,Vible
696,518,47,1,0,Vible
697,525,44,0,1,E/ACC
698,527,5,0,1,E/ACC
699,531,151,1,0,E/ACC
700,538,1,0,1,E/ACC
701,540,1,0,1,Vible
702,540,26,1,0,Vible
703,540,47,1,0,Vible
704,540,149,1,0,Vible
705,540,152,1,0,Vible
706,540,155,1,0,Vible
707,540,167,1,0,Vible
708,540,174,0,1,Vible
709,540,184,1,0,Vible
710,540,203,1,1,Vible
711,540,260,1,1,Vible
712,540,289,1,0,Vible
713,540,355,1,0,Vible
714,540,358,1,0,Vible
715,540,771,0,1,Vible
716,546,1,0,1,Vible
717,546,9,0,1,Vible
718,546,18,0,1,Vible
719,546,47,1,0,Vible
720,546,65,0,1,Vible
721,546,70,0,1,Vible
722,546,167,1,0,Vible
723,547,18,0,1,Vible
724,547,70,0,1,Vible
725,548,47,1,0,Vible
726,548,126,1,0,Vible
727,548,203,1,1,Vible
728,549,1,0,1,Vible
729,549,5,0,1,Vible
730,549,18,0,1,Vible
731,549,26,0,1,Vible
732,549,47,1,0,Vible
733,549,152,1,0,Vible
734,549,153,1,0,Vible
735,549,167,1,0,Vible
736,549,176,1,1,Vible
737,549,194,1,0,Vible
738,549,203,1,0,Vible
739,549,243,1,0,Vible
740,549,348,1,0,Vible
741,549,404,0,1,Vible
742,549,531,0,1,Vible
743,549,867,0,1,Vible
744,551,1,0,1,Vible
745,551,18,0,1,Vible
746,551,26,0,1,Vible
747,551,47,1,0,Vible
748,551,116,1,0,Vible
749,551,155,1,0,Vible
750,551,167,1,0,Vible
751,551,176,1,0,Vible
752,556,26,0,1,Vible
753,556,118,1,0,Vible
754,558,1,0,1,Vible
755,558,18,0,1,Vible
756,558,26,1,1,Vible
757,558,47,1,0,Vible
758,558,94,0,1,Vible
759,558,116,1,0,Vible
760,558,149,1,0,Vible
761,558,155,1,0,Vible
762,558,160,1,0,Vible
763,558,166,1,0,Vible
764,558,167,1,0,Vible
765,558,175,1,0,Vible
766,558,194,1,0,Vible
767,560,1,0,1,Vible
768,560,9,0,1,Vible
769,560,18,0,1,Vible
770,560,19,0,1,Vible
771,560,26,0,1,Vible
772,560,47,1,0,Vible
773,560,116,1,1,Vible
774,560,123,1,1,Vible
775,560,149,1,0,Vible
776,560,151,1,1,Vible
777,560,155,1,0,Vible
778,560,160,1,0,Vible
779,560,167,1,0,Vible
780,560,170,1,0,Vible
781,560,174,1,0,Vible
782,560,175,1,0,Vible
783,560,178,1,0,Vible
784,560,184,1,0,Vible
785,560,187,0,1,Vible
786,560,192,1,0,Vible
787,560,240,1,0,Vible
788,560,241,1,0,Vible
789,560,243,1,0,Vible
790,560,353,1,0,Vible
791,560,355,1,0,Vible
792,560,357,1,0,Vible
793,560,359,1,0,Vible
794,560,362,1,0,Vible
795,560,368,1,1,Vible
796,560,370,1,0,Vible
797,560,503,0,1,Vible
798,560,832,0,1,Vible
799,560,859,0,1,Vible
800,563,19,0,1,Vible
801,563,67,0,1,Vible
802,563,155,1,0,Vible
803,563,164,1,0,Vible
804,571,114,1,0,E/ACC
805,575,39,0,1,E/ACC
806,576,5,0,1,E/ACC
807,576,39,0,1,E/ACC
808,577,18,0,1,E/ACC
809,578,26,1,0,E/ACC
810,580,1,0,1,E/ACC
811,580,18,0,1,E/ACC
812,583,1,0,1,Vible
813,583,26,1,0,Vible
814,583,47,1,0,Vible
815,583,50,0,1,Vible
816,583,61,0,1,Vible
817,583,65,0,1,Vible
818,583,74,0,1,Vible
819,583,118,1,0,Vible
820,583,123,1,0,Vible
821,583,125,1,1,Vible
822,583,126,1,0,Vible
823,583,155,1,0,Vible
824,583,167,1,0,Vible
825,586,1,0,1,Vible
826,586,18,0,1,Vible
827,586,19,0,1,Vible
828,586,61,0,1,Vible
829,586,74,0,1,Vible
830,586,102,0,1,Vible
831,586,120,1,0,Vible
832,586,126,1,1,Vible
833,586,155,1,0,Vible
834,588,18,0,1,Vible
835,588,19,0,1,Vible
836,588,47,1,0,Vible
837,588,116,1,0,Vible
838,588,127,1,0,Vible
839,588,155,1,0,Vible
840,590,1,0,1,Vible
841,590,18,0,1,Vible
842,590,19,0,1,Vible
843,590,44,0,1,Vible
844,590,58,0,1,Vible
845,590,60,0,1,Vible
846,590,61,0,1,Vible
847,590,76,0,1,Vible
848,590,77,0,1,Vible
849,590,127,0,1,Vible
850,590,131,1,0,Vible
851,590,155,1,0,Vible
852,590,167,1,0,Vible
853,590,770,0,1,Vible
854,595,18,0,1,E/ACC
855,601,1,0,1,E/ACC
856,601,18,0,1,E/ACC
857,602,18,0,1,E/ACC
858,603,18,0,1,E/ACC
859,604,18,0,1,E/ACC
860,605,18,0,1,E/ACC
861,605,183,0,1,E/ACC
862,606,18,0,1,E/ACC
863,606,39,0,1,E/ACC
864,606,183,0,1,E/ACC
865,607,183,1,1,E/ACC
866,608,1,0,1,E/ACC
867,608,180,1,0,E/ACC
868,608,183,1,1,E/ACC
869,609,26,1,0,E/ACC
870,609,168,1,0,E/ACC
871,609,183,1,1,E/ACC
872,609,192,1,0,E/ACC
873,610,192,1,1,E/ACC
874,611,26,1,0,E/ACC
875,611,192,1,0,E/ACC
876,612,192,1,0,E/ACC
877,613,192,1,0,E/ACC
878,614,1,0,1,E/ACC
879,614,192,1,0,E/ACC
880,616,18,0,1,E/ACC
881,616,26,0,1,E/ACC
882,616,192,1,0,E/ACC
883,617,19,0,1,E/ACC
884,617,26,1,0,E/ACC
885,617,130,1,0,E/ACC
886,617,192,1,0,E/ACC
887,618,9,0,1,E/ACC
888,618,18,0,1,E/ACC
889,618,19,0,1,E/ACC
890,618,180,1,0,E/ACC
891,618,192,1,0,E/ACC
892,619,5,0,1,E/ACC
893,619,19,0,1,E/ACC
894,619,39,0,1,E/ACC
895,619,192,1,0,E/ACC
896,621,192,1,0,E/ACC
897,621,263,1,0,E/ACC
898,623,1,0,1,E/ACC
899,623,9,0,1,E/ACC
900,623,172,1,0,E/ACC
901,623,180,1,1,E/ACC
902,624,180,1,0,E/ACC
903,625,1,0,1,E/ACC
904,625,19,0,1,E/ACC
905,625,180,1,0,E/ACC
906,625,192,1,0,E/ACC
907,625,197,1,0,E/ACC
908,625,332,1,0,E/ACC
909,625,339,1,0,E/ACC
910,625,560,0,1,E/ACC
911,626,19,0,1,E/ACC
912,626,114,1,1,E/ACC
913,626,130,1,0,E/ACC
914,626,169,1,0,E/ACC
915,626,172,1,0,E/ACC
916,626,180,1,1,E/ACC
917,626,187,0,1,E/ACC
918,626,192,1,0,E/ACC
919,626,241,1,1,E/ACC
920,626,735,0,1,E/ACC
921,627,121,1,0,Vible
922,627,163,1,0,Vible
923,627,167,1,0,Vible
924,627,190,1,0,Vible
925,627,241,1,0,Vible
926,629,1,0,1,Vible
927,629,9,0,1,Vible
928,629,19,0,1,Vible
929,629,47,1,0,Vible
930,629,119,1,0,Vible
931,629,127,1,1,Vible
932,629,149,1,0,Vible
933,629,155,1,0,Vible
934,629,163,1,0,Vible
935,629,167,1,0,Vible
936,629,194,1,0,Vible
937,629,545,0,1,Vible
938,631,1,0,1,Vible
939,631,18,0,1,Vible
940,631,19,0,1,Vible
941,631,39,0,1,Vible
942,631,44,1,0,Vible
943,631,102,0,1,Vible
944,631,103,0,1,Vible
945,631,114,1,1,Vible
946,631,127,1,0,Vible
947,631,155,1,0,Vible
948,631,263,1,0,Vible
949,631,304,1,0,Vible
950,633,1,0,1,Vible
951,633,9,0,1,Vible
952,633,18,0,1,Vible
953,633,19,0,1,Vible
954,633,26,1,1,Vible
955,633,44,1,1,Vible
956,633,47,1,0,Vible
957,633,136,1,0,Vible
958,633,149,1,0,Vible
959,633,151,1,0,Vible
960,633,155,1,0,Vible
961,633,167,1,0,Vible
962,633,187,0,1,Vible
963,634,1,0,1,Gratitube
964,634,18,0,1,Gratitube
965,634,26,1,1,Gratitube
966,634,44,1,0,Gratitube
967,634,180,1,1,Gratitube
968,634,192,1,0,Gratitube
969,634,229,1,0,Gratitube
970,634,898,0,1,Gratitube
971,635,19,0,1,Startup College
972,635,26,1,1,Startup College
973,635,156,1,0,Startup College
974,635,180,1,1,Startup College
975,635,182,1,0,Startup College
976,635,192,1,0,Startup College
977,635,195,1,0,Startup College
978,635,201,1,0,Startup College
979,635,245,1,0,Startup College
980,635,270,1,1,Startup College
981,637,9,0,1,Vible
982,638,9,0,1,Vible
983,638,152,1,0,Vible
984,640,9,0,1,Vible
985,641,129,0,1,Vible
986,645,187,1,0,Vible
987,648,182,1,0,Vible
988,652,9,0,1,Vible
989,654,182,1,0,Vible
990,655,19,0,1,Vible
991,655,175,1,0,Vible
992,655,182,1,0,Vible
993,656,175,1,0,Vible
994,657,1,0,1,Vible
995,657,9,0,1,Vible
996,657,19,0,1,Vible
997,658,47,1,0,Vible
998,658,152,1,0,Vible
999,659,19,0,1,Vible
1000,659,176,1,0,Vible
1001,660,1,0,1,Vible
1002,660,176,1,0,Vible
1003,662,5,0,1,InstaRama
1004,663,5,0,1,InstaRama
1005,664,5,0,1,InstaRama
1006,680,19,0,1,Vible
1007,685,1,0,1,Vible
1008,686,1,0,1,Vible
1009,692,9,0,1,Vible
1010,693,9,0,1,Vible
1011,693,202,1,0,Vible
1012,694,19,0,1,Vible
1013,695,9,0,1,Vible
1014,696,197,1,0,Vible
1015,696,216,1,0,Vible
1016,697,9,0,1,Vible
1017,697,178,1,0,Vible
1018,697,197,1,0,Vible
1019,697,216,1,0,Vible
1020,698,5,0,1,Vible
1021,698,19,0,1,Vible
1022,702,5,0,1,InstaRama
1023,703,1,0,1,InstaRama
1024,705,148,1,0,InstaRama
1025,706,148,1,0,InstaRama
1026,706,151,1,0,InstaRama
1027,707,151,1,0,InstaRama
1028,708,39,1,0,InstaRama
1029,714,5,0,1,InstaRama
1030,714,182,1,0,InstaRama
1031,718,242,1,0,InstaRama
1032,721,9,0,1,Vible
1033,721,202,1,0,Vible
1034,722,167,1,1,Vible
1035,722,202,1,0,Vible
1036,724,9,0,1,Vible
1037,724,47,0,1,Vible
1038,724,152,1,0,Vible
1039,724,167,1,0,Vible
1040,726,1,0,1,Vible
1041,727,19,0,1,Vible
1042,727,205,1,0,Vible
1043,727,545,0,1,Vible
1044,742,191,1,1,InstaRama
1045,742,215,1,1,InstaRama
1046,752,1,0,1,InstaRama
1047,752,187,0,1,InstaRama
1048,754,39,1,0,InstaRama
1049,758,9,0,1,InstaRama
1050,761,216,1,0,Vible
1051,762,216,1,0,Vible
1052,764,216,1,0,Vible
1053,765,202,1,0,Vible
1054,765,216,1,0,Vible
1055,766,202,1,0,Vible
1056,767,152,1,0,Vible
1057,767,190,1,0,Vible
1058,768,202,1,0,Vible
1059,769,202,1,0,Vible
1060,770,19,0,1,Vible
1061,770,47,0,1,Vible
1062,770,152,1,0,Vible
1063,770,190,1,0,Vible
1064,773,9,0,1,Vible
1065,774,9,0,1,Vible
1066,775,5,0,1,Vible
1067,775,193,1,1,Vible
1068,777,192,1,0,Vible
1069,779,5,0,1,Vible
1070,779,47,1,0,Vible
1071,779,152,1,0,Vible
1072,779,192,1,0,Vible
1073,779,197,1,0,Vible
1074,780,47,0,1,Vible
1075,780,152,1,0,Vible
1076,780,192,1,0,Vible
1077,780,197,1,0,Vible
1078,780,238,1,0,Vible
1079,780,398,0,1,Vible
1080,781,187,0,1,Vible
1081,782,152,1,0,Vible
1082,784,1,0,1,OvaDrive
1083,784,39,1,0,OvaDrive
1084,784,180,0,1,OvaDrive
1085,784,182,1,1,OvaDrive
1086,784,183,1,0,OvaDrive
1087,784,186,1,0,OvaDrive
1088,784,192,1,0,OvaDrive
1089,784,195,1,1,OvaDrive
1090,785,152,1,0,Vible
1091,785,213,1,0,Vible
1092,785,222,1,0,Vible
1093,788,9,0,1,Vible
1094,796,1,0,1,Vible
1095,796,851,0,1,Vible
1096,797,243,1,0,Vible
1097,810,231,1,0,InstaRama
1098,811,9,0,1,Vible
1099,813,9,0,1,Vible
1100,814,1,0,1,Vible
1101,814,9,0,1,Vible
1102,815,1,0,1,Vible
1103,815,225,1,0,Vible
1104,816,9,0,1,Vible
1105,820,152,1,0,Vible
1106,821,9,0,1,Vible
1107,821,152,1,0,Vible
1108,822,9,0,1,Vible
1109,822,47,1,0,Vible
1110,822,152,1,0,Vible
1111,822,236,1,0,Vible
1112,822,239,1,0,Vible
1113,822,243,1,0,Vible
1114,822,260,1,0,Vible
1115,822,261,1,0,Vible
1116,822,263,1,0,Vible
1117,825,192,1,0,InstaRama
1118,829,192,1,0,InstaRama
1119,830,192,1,0,InstaRama
1120,831,192,1,0,InstaRama
1121,832,192,1,0,InstaRama
1122,834,152,1,0,Vible
1123,837,152,1,0,Vible
1124,837,192,1,0,Vible
1125,838,152,1,0,Vible
1126,838,236,1,0,Vible
1127,841,148,1,0,Vible
1128,841,152,1,0,Vible
1129,841,175,1,0,Vible
1130,842,152,1,0,Vible
1131,844,152,1,0,Vible
1132,845,152,1,0,Vible
1133,845,167,1,0,Vible
1134,847,47,1,0,Vible
1135,847,152,1,0,Vible
1136,847,243,1,0,Vible
1137,847,247,1,1,Vible
1138,847,251,1,0,Vible
1139,847,254,1,0,Vible
1140,847,260,1,1,Vible
1141,847,261,1,0,Vible
1142,847,263,1,0,Vible
1143,847,279,1,1,Vible
1144,847,292,1,0,Vible
1145,847,650,0,1,Vible
1146,848,152,1,0,Vible
1147,861,152,1,0,Vible
1148,866,783,0,1,Vible
1149,867,175,1,0,Vible
1150,876,192,1,0,InstaRama
1151,880,180,1,0,InstaRama
1152,883,187,0,1,InstaRama
1153,884,180,1,0,InstaRama
1154,884,187,0,1,InstaRama
1155,887,206,1,0,Vible
1156,894,187,0,1,Vible
1157,895,180,1,0,Vible
1158,897,180,1,0,Vible
1159,898,5,0,1,Vible
1160,898,180,1,0,Vible
1161,904,187,0,1,InstaRama
1162,908,9,0,1,InstaRama
1163,909,199,1,1,InstaRama
1164,917,9,0,1,Vible
1165,919,9,0,1,Vible
1166,920,9,0,1,Vible
1167,922,9,0,1,Vible
1168,928,180,1,0,InstaRama
1169,930,192,1,0,InstaRama
1170,931,192,1,0,InstaRama
1171,932,192,1,0,InstaRama
1172,934,192,1,0,InstaRama
1173,938,9,0,1,Vible
1174,939,9,0,1,Vible
1175,941,9,0,1,Vible
1176,942,9,0,1,Vible
1177,942,47,1,0,Vible
1178,942,152,1,0,Vible
1179,942,404,0,1,Vible
1180,945,730,0,1,Vible
1181,947,19,0,1,Vible
1182,948,1,0,1,Vible
1183,948,19,0,1,Vible
1184,948,560,0,1,Vible
1185,959,149,1,1,InstaRama
1186,972,1,0,1,Vible
1187,972,9,0,1,Vible
1188,973,188,1,1,Vible
1189,977,192,1,0,Vible
1190,977,205,1,0,Vible
1191,978,197,1,0,Vible
1192,979,9,0,1,Vible
1193,979,19,0,1,Vible
1194,979,47,1,0,Vible
1195,979,152,1,0,Vible
1196,979,167,1,0,Vible
1197,979,192,1,0,Vible
1198,979,194,1,0,Vible
1199,979,197,1,0,Vible
1200,982,9,0,1,Vible
1201,983,18,0,1,Vible
1202,983,187,0,1,Vible
1203,983,194,1,0,Vible
1204,984,9,0,1,Vible
1205,987,19,0,1,Vible
1206,992,192,1,0,InstaRama
1207,992,245,1,0,InstaRama
1208,993,192,1,0,InstaRama
1209,994,192,1,0,InstaRama
1210,995,192,1,0,InstaRama
1211,996,5,0,1,InstaRama
1212,996,189,1,0,InstaRama
1213,996,191,1,0,InstaRama
1214,996,192,1,0,InstaRama
1215,997,1,0,1,Vible
1216,997,5,0,1,Vible
1217,997,9,0,1,Vible
1218,997,187,0,1,Vible
1219,997,192,1,0,Vible
1220,997,305,0,1,Vible
1221,998,735,0,1,Vible
1222,1000,226,1,0,Vible
1223,1001,9,0,1,Vible
1224,1001,195,0,1,Vible
1225,1001,731,0,1,Vible
1226,1002,195,1,1,Vible
1227,1003,195,0,1,Vible
1228,1004,195,0,1,Vible
1229,1005,195,0,1,Vible
1230,1006,9,0,1,Vible
1231,1006,47,1,0,Vible
1232,1006,152,1,0,Vible
1233,1006,155,1,0,Vible
1234,1006,167,1,0,Vible
1235,1006,187,0,1,Vible
1236,1006,194,1,0,Vible
1237,1006,195,0,1,Vible
1238,1006,389,0,1,Vible
1239,1007,216,1,0,Vible
1240,1017,197,1,0,InstaRama
1241,1022,194,1,0,Vible
1242,1022,208,1,0,Vible
1243,1022,731,0,1,Vible
1244,1023,194,1,0,Vible
1245,1023,902,0,1,Vible
1246,1024,247,0,1,Vible
1247,1024,867,0,1,Vible
1248,1025,239,1,1,Vible
1249,1025,257,1,0,Vible
1250,1025,279,1,1,Vible
1251,1025,540,0,1,Vible
1252,1026,187,0,1,Vible
1253,1026,226,1,0,Vible
1254,1026,247,1,0,Vible
1255,1026,260,1,0,Vible
1256,1026,821,0,1,Vible
1257,1026,873,0,1,Vible
1258,1028,194,1,0,Vible
1259,1028,867,0,1,Vible
1260,1029,260,1,0,Vible
1261,1030,180,1,0,Vible
1262,1030,192,1,0,Vible
1263,1030,260,1,0,Vible
1264,1030,279,1,0,Vible
1265,1030,310,1,0,Vible
1266,1030,519,0,1,Vible
1267,1030,770,0,1,Vible
1268,1031,180,1,0,Vible
1269,1031,192,1,0,Vible
1270,1031,208,1,0,Vible
1271,1031,217,1,0,Vible
1272,1031,247,1,0,Vible
1273,1031,261,1,1,Vible
1274,1031,263,1,0,Vible
1275,1031,268,1,0,Vible
1276,1031,269,1,0,Vible
1277,1031,334,1,1,Vible
1278,1031,519,0,1,Vible
1279,1031,867,0,1,Vible
1280,1032,180,1,0,Vible
1281,1032,192,1,0,Vible
1282,1032,194,1,0,Vible
1283,1032,210,1,0,Vible
1284,1032,251,1,0,Vible
1285,1032,263,1,0,Vible
1286,1032,279,1,0,Vible
1287,1032,310,1,0,Vible
1288,1032,531,0,1,Vible
1289,1032,768,0,1,Vible
1290,1032,771,0,1,Vible
1291,1032,802,0,1,Vible
1292,1032,823,0,1,Vible
1293,1032,868,0,1,Vible
1294,1032,902,0,1,Vible
1295,1033,180,1,0,Vible
1296,1033,187,0,1,Vible
1297,1033,192,1,0,Vible
1298,1033,194,1,0,Vible
1299,1033,207,1,1,Vible
1300,1033,208,1,0,Vible
1301,1033,224,0,1,Vible
1302,1033,247,1,0,Vible
1303,1033,254,1,1,Vible
1304,1033,520,0,1,Vible
1305,1034,192,1,0,InstaRama
1306,1039,180,1,1,InstaRama
1307,1040,192,1,0,InstaRama
1308,1041,180,1,0,InstaRama
1309,1041,192,1,0,InstaRama
1310,1042,180,1,0,InstaRama
1311,1042,192,1,0,InstaRama
1312,1043,180,1,0,InstaRama
1313,1043,192,1,0,InstaRama
1314,1044,192,1,0,InstaRama
1315,1045,180,1,1,InstaRama
1316,1047,192,1,0,InstaRama
1317,1047,204,1,0,InstaRama
1318,1048,180,1,1,InstaRama
1319,1052,9,0,1,InstaRama
1320,1052,180,1,0,InstaRama
1321,1052,187,0,1,InstaRama
1322,1052,211,1,1,InstaRama
1323,1052,215,1,0,InstaRama
1324,1052,242,1,1,InstaRama
1325,1053,180,1,0,Vible
1326,1053,187,0,1,Vible
1327,1053,192,1,0,Vible
1328,1053,194,1,0,Vible
1329,1053,217,1,1,Vible
1330,1053,224,1,0,Vible
1331,1053,226,1,0,Vible
1332,1053,232,1,1,Vible
1333,1053,246,1,0,Vible
1334,1053,257,1,0,Vible
1335,1053,260,1,1,Vible
1336,1053,263,1,0,Vible
1337,1053,310,1,0,Vible
1338,1053,440,0,1,Vible
1339,1053,520,0,1,Vible
1340,1053,616,0,1,Vible
1341,1053,617,0,1,Vible
1342,1053,669,0,1,Vible
1343,1053,731,0,1,Vible
1344,1053,771,0,1,Vible
1345,1053,801,0,1,Vible
1346,1053,803,0,1,Vible
1347,1053,888,0,1,Vible
1348,1054,180,1,0,Vible
1349,1054,194,1,0,Vible
1350,1054,210,1,1,Vible
1351,1054,218,1,0,Vible
1352,1054,236,1,0,Vible
1353,1054,251,1,0,Vible
1354,1054,257,1,0,Vible
1355,1054,260,1,0,Vible
1356,1054,262,1,0,Vible
1357,1054,263,1,0,Vible
1358,1054,268,1,1,Vible
1359,1054,292,1,0,Vible
1360,1054,464,0,1,Vible
1361,1054,531,0,1,Vible
1362,1054,850,0,1,Vible
1363,1054,868,0,1,Vible
1364,1055,180,1,0,Vible
1365,1055,187,0,1,Vible
1366,1055,207,1,0,Vible
1367,1055,226,1,0,Vible
1368,1055,232,1,1,Vible
1369,1055,244,1,0,Vible
1370,1055,258,1,0,Vible
1371,1055,260,1,1,Vible
1372,1055,263,1,1,Vible
1373,1055,305,1,0,Vible
1374,1055,310,1,0,Vible
1375,1055,520,0,1,Vible
1376,1055,711,0,1,Vible
1377,1055,725,0,1,Vible
1378,1055,739,0,1,Vible
1379,1055,771,0,1,Vible
1380,1055,821,0,1,Vible
1381,1055,866,0,1,Vible
1382,1056,180,1,0,Vible
1383,1056,194,1,0,Vible
1384,1056,212,1,0,Vible
1385,1056,260,1,1,Vible
1386,1056,262,1,1,Vible
1387,1056,269,1,1,Vible
1388,1056,305,1,0,Vible
1389,1056,332,1,1,Vible
1390,1056,440,0,1,Vible
1391,1056,770,0,1,Vible
1392,1056,771,0,1,Vible
1393,1056,868,0,1,Vible
1394,1057,180,1,0,Vible
1395,1057,192,1,0,Vible
1396,1057,208,1,1,Vible
1397,1057,218,1,0,Vible
1398,1057,263,1,0,Vible
1399,1057,268,1,1,Vible
1400,1057,305,1,0,Vible
1401,1057,334,1,1,Vible
1402,1057,519,0,1,Vible
1403,1057,616,0,1,Vible
1404,1057,736,0,1,Vible
1405,1057,771,0,1,Vible
1406,1057,790,0,1,Vible
1407,1057,805,0,1,Vible
1408,1057,821,0,1,Vible
1409,1057,822,0,1,Vible
1410,1057,840,0,1,Vible
1411,1057,867,0,1,Vible
1412,1057,902,0,1,Vible
1413,1059,1,0,1,Vible
1414,1059,19,0,1,Vible
1415,1059,47,0,1,Vible
1416,1059,152,1,0,Vible
1417,1059,167,1,0,Vible
1418,1059,180,1,0,Vible
1419,1059,187,0,1,Vible
1420,1059,194,1,0,Vible
1421,1059,210,1,0,Vible
1422,1059,212,1,0,Vible
1423,1059,218,1,1,Vible
1424,1059,236,1,1,Vible
1425,1059,243,1,0,Vible
1426,1059,263,1,0,Vible
1427,1059,464,0,1,Vible
1428,1059,768,0,1,Vible
1429,1059,770,0,1,Vible
1430,1059,867,0,1,Vible
1431,1060,1,0,1,Vible
1432,1060,19,0,1,Vible
1433,1060,180,1,0,Vible
1434,1060,187,0,1,Vible
1435,1060,192,1,0,Vible
1436,1060,194,1,0,Vible
1437,1060,197,1,0,Vible
1438,1060,208,1,1,Vible
1439,1060,217,1,0,Vible
1440,1060,219,1,0,Vible
1441,1060,249,1,0,Vible
1442,1060,269,1,0,Vible
1443,1060,304,1,0,Vible
1444,1060,339,1,0,Vible
1445,1060,531,0,1,Vible
1446,1060,775,0,1,Vible
1447,1062,1,0,1,Pumptok
1448,1062,9,0,1,Pumptok
1449,1062,19,0,1,Pumptok
1450,1062,180,1,0,Pumptok
1451,1062,248,1,1,Pumptok
1452,1062,256,1,1,Pumptok
1453,1062,258,1,0,Pumptok
1454,1062,265,1,0,Pumptok
1455,1062,267,1,0,Pumptok
1456,1062,272,1,0,Pumptok
1457,1062,274,0,1,Pumptok
1458,1062,276,1,1,Pumptok
1459,1062,280,1,1,Pumptok
1460,1062,282,1,0,Pumptok
1461,1062,283,0,1,Pumptok
1462,1062,285,1,1,Pumptok
1463,1062,286,1,1,Pumptok
1464,1062,288,1,0,Pumptok
1465,1062,300,1,0,Pumptok
1466,1062,302,1,1,Pumptok
1467,1062,304,1,0,Pumptok
1468,1062,312,0,1,Pumptok
1469,1062,315,0,1,Pumptok
1470,1062,316,1,1,Pumptok
1471,1062,318,1,1,Pumptok
1472,1062,319,1,0,Pumptok
1473,1062,322,0,1,Pumptok
1474,1062,325,1,0,Pumptok
1475,1062,331,0,1,Pumptok
1476,1062,338,1,0,Pumptok
1477,1062,340,1,0,Pumptok
1478,1062,402,0,1,Pumptok
1479,1062,452,0,1,Pumptok
1480,1062,457,0,1,Pumptok
1481,1062,458,0,1,Pumptok
1482,1062,505,0,1,Pumptok
1483,1062,543,0,1,Pumptok
1484,1062,574,0,1,Pumptok
1485,1062,609,0,1,Pumptok
1486,1062,612,0,1,Pumptok
1487,1062,654,0,1,Pumptok
1488,1062,672,0,1,Pumptok
1489,1062,726,0,1,Pumptok
1490,1062,741,0,1,Pumptok
1491,1062,751,0,1,Pumptok
1492,1062,759,0,1,Pumptok
1493,1062,766,0,1,Pumptok
1494,1062,774,0,1,Pumptok
1495,1062,777,0,1,Pumptok
1496,1062,808,0,1,Pumptok
1497,1062,843,0,1,Pumptok
1498,1062,853,0,1,Pumptok
1499,1062,871,0,1,Pumptok
1500,1062,882,0,1,Pumptok
1501,1062,891,0,1,Pumptok
1502,1062,912,0,1,Pumptok
1503,1063,18,0,1,Vible
1504,1063,19,0,1,Vible
1505,1063,152,1,0,Vible
1506,1063,167,1,0,Vible
1507,1063,180,1,1,Vible
1508,1063,192,1,0,Vible
1509,1063,194,1,0,Vible
1510,1063,205,1,0,Vible
1511,1063,208,1,0,Vible
1512,1063,216,1,0,Vible
1513,1063,222,1,0,Vible
1514,1063,223,1,0,Vible
1515,1063,225,1,1,Vible
1516,1063,226,1,0,Vible
1517,1063,228,1,0,Vible
1518,1063,241,1,0,Vible
1519,1063,244,1,0,Vible
1520,1063,257,1,1,Vible
1521,1063,260,1,1,Vible
1522,1063,261,1,0,Vible
1523,1063,269,1,0,Vible
1524,1063,442,0,1,Vible
1525,1063,616,0,1,Vible
1526,1063,775,0,1,Vible
1527,1064,1,0,1,Pumptok
1528,1064,9,0,1,Pumptok
1529,1064,19,0,1,Pumptok
1530,1064,180,1,0,Pumptok
1531,1064,248,1,0,Pumptok
1532,1064,250,1,0,Pumptok
1533,1064,256,1,0,Pumptok
1534,1064,258,1,0,Pumptok
1535,1064,267,1,0,Pumptok
1536,1064,271,1,0,Pumptok
1537,1064,276,1,1,Pumptok
1538,1064,281,0,1,Pumptok
1539,1064,282,1,0,Pumptok
1540,1064,283,0,1,Pumptok
1541,1064,286,0,1,Pumptok
1542,1064,288,1,0,Pumptok
1543,1064,296,0,1,Pumptok
1544,1064,298,0,1,Pumptok
1545,1064,299,0,1,Pumptok
1546,1064,300,1,0,Pumptok
1547,1064,301,1,1,Pumptok
1548,1064,302,1,1,Pumptok
1549,1064,304,1,0,Pumptok
1550,1064,306,1,0,Pumptok
1551,1064,307,1,0,Pumptok
1552,1064,315,0,1,Pumptok
1553,1064,316,1,0,Pumptok
1554,1064,318,1,0,Pumptok
1555,1064,319,1,0,Pumptok
1556,1064,322,0,1,Pumptok
1557,1064,325,1,0,Pumptok
1558,1064,330,0,1,Pumptok
1559,1064,331,0,1,Pumptok
1560,1064,333,1,0,Pumptok
1561,1064,338,1,0,Pumptok
1562,1064,340,1,0,Pumptok
1563,1064,457,0,1,Pumptok
1564,1064,470,0,1,Pumptok
1565,1064,505,0,1,Pumptok
1566,1064,514,0,1,Pumptok
1567,1064,543,0,1,Pumptok
1568,1064,574,0,1,Pumptok
1569,1064,586,0,1,Pumptok
1570,1064,609,0,1,Pumptok
1571,1064,612,0,1,Pumptok
1572,1064,654,0,1,Pumptok
1573,1064,656,0,1,Pumptok
1574,1064,663,0,1,Pumptok
1575,1064,672,0,1,Pumptok
1576,1064,708,0,1,Pumptok
1577,1064,710,0,1,Pumptok
1578,1064,715,0,1,Pumptok
1579,1064,716,0,1,Pumptok
1580,1064,720,0,1,Pumptok
1581,1064,724,0,1,Pumptok
1582,1064,748,0,1,Pumptok
1583,1064,751,0,1,Pumptok
1584,1064,752,0,1,Pumptok
1585,1064,753,0,1,Pumptok
1586,1064,756,0,1,Pumptok
1587,1064,759,0,1,Pumptok
1588,1064,764,0,1,Pumptok
1589,1064,765,0,1,Pumptok
1590,1064,772,0,1,Pumptok
1591,1064,774,0,1,Pumptok
1592,1064,778,0,1,Pumptok
1593,1064,784,0,1,Pumptok
1594,1064,795,0,1,Pumptok
1595,1064,797,0,1,Pumptok
1596,1064,810,0,1,Pumptok
1597,1064,843,0,1,Pumptok
1598,1064,846,0,1,Pumptok
1599,1064,855,0,1,Pumptok
1600,1064,860,0,1,Pumptok
1601,1064,882,0,1,Pumptok
1602,1064,887,0,1,Pumptok
1603,1065,1,0,1,Pumptok
1604,1065,9,0,1,Pumptok
1605,1065,19,0,1,Pumptok
1606,1065,180,1,0,Pumptok
1607,1065,249,1,1,Pumptok
1608,1065,258,1,0,Pumptok
1609,1065,267,0,1,Pumptok
1610,1065,276,0,1,Pumptok
1611,1065,282,1,0,Pumptok
1612,1065,283,0,1,Pumptok
1613,1065,286,0,1,Pumptok
1614,1065,296,0,1,Pumptok
1615,1065,298,1,0,Pumptok
1616,1065,299,0,1,Pumptok
1617,1065,300,1,0,Pumptok
1618,1065,301,1,1,Pumptok
1619,1065,302,1,0,Pumptok
1620,1065,304,1,0,Pumptok
1621,1065,308,1,0,Pumptok
1622,1065,315,0,1,Pumptok
1623,1065,316,1,1,Pumptok
1624,1065,318,1,0,Pumptok
1625,1065,319,1,0,Pumptok
1626,1065,322,0,1,Pumptok
1627,1065,325,1,1,Pumptok
1628,1065,327,1,1,Pumptok
1629,1065,330,0,1,Pumptok
1630,1065,338,1,0,Pumptok
1631,1065,470,0,1,Pumptok
1632,1065,505,0,1,Pumptok
1633,1065,514,0,1,Pumptok
1634,1065,543,0,1,Pumptok
1635,1065,574,0,1,Pumptok
1636,1065,589,0,1,Pumptok
1637,1065,609,0,1,Pumptok
1638,1065,612,0,1,Pumptok
1639,1065,615,0,1,Pumptok
1640,1065,656,0,1,Pumptok
1641,1065,672,0,1,Pumptok
1642,1065,680,0,1,Pumptok
1643,1065,710,0,1,Pumptok
1644,1065,715,0,1,Pumptok
1645,1065,720,0,1,Pumptok
1646,1065,724,0,1,Pumptok
1647,1065,740,0,1,Pumptok
1648,1065,741,0,1,Pumptok
1649,1065,746,0,1,Pumptok
1650,1065,751,0,1,Pumptok
1651,1065,753,0,1,Pumptok
1652,1065,759,0,1,Pumptok
1653,1065,815,0,1,Pumptok
1654,1065,818,0,1,Pumptok
1655,1065,843,0,1,Pumptok
1656,1065,880,0,1,Pumptok
1657,1065,882,0,1,Pumptok
1658,1065,885,0,1,Pumptok
1659,1065,892,0,1,Pumptok
1660,1065,895,0,1,Pumptok
1661,1066,9,0,1,Pumptok
1662,1066,180,1,0,Pumptok
1663,1066,206,1,0,Pumptok
1664,1066,215,1,1,Pumptok
1665,1066,256,1,0,Pumptok
1666,1066,258,1,0,Pumptok
1667,1066,267,1,0,Pumptok
1668,1066,271,1,0,Pumptok
1669,1066,282,1,0,Pumptok
1670,1066,283,0,1,Pumptok
1671,1066,284,0,1,Pumptok
1672,1066,285,0,1,Pumptok
1673,1066,291,1,0,Pumptok
1674,1066,299,1,0,Pumptok
1675,1066,300,1,1,Pumptok
1676,1066,302,1,1,Pumptok
1677,1066,304,1,0,Pumptok
1678,1066,307,1,0,Pumptok
1679,1066,313,1,0,Pumptok
1680,1066,315,0,1,Pumptok
1681,1066,318,1,0,Pumptok
1682,1066,322,0,1,Pumptok
1683,1066,325,1,0,Pumptok
1684,1066,327,1,1,Pumptok
1685,1066,330,0,1,Pumptok
1686,1066,331,0,1,Pumptok
1687,1066,338,1,0,Pumptok
1688,1066,423,0,1,Pumptok
1689,1066,457,0,1,Pumptok
1690,1066,470,0,1,Pumptok
1691,1066,514,0,1,Pumptok
1692,1066,543,0,1,Pumptok
1693,1066,574,0,1,Pumptok
1694,1066,586,0,1,Pumptok
1695,1066,589,0,1,Pumptok
1696,1066,590,0,1,Pumptok
1697,1066,609,0,1,Pumptok
1698,1066,612,0,1,Pumptok
1699,1066,615,0,1,Pumptok
1700,1066,672,0,1,Pumptok
1701,1066,680,0,1,Pumptok
1702,1066,708,0,1,Pumptok
1703,1066,712,0,1,Pumptok
1704,1066,720,0,1,Pumptok
1705,1066,722,0,1,Pumptok
1706,1066,724,0,1,Pumptok
1707,1066,741,0,1,Pumptok
1708,1066,748,0,1,Pumptok
1709,1066,751,0,1,Pumptok
1710,1066,759,0,1,Pumptok
1711,1066,793,0,1,Pumptok
1712,1066,814,0,1,Pumptok
1713,1066,818,0,1,Pumptok
1714,1066,843,0,1,Pumptok
1715,1066,855,0,1,Pumptok
1716,1066,869,0,1,Pumptok
1717,1066,870,0,1,Pumptok
1718,1066,882,0,1,Pumptok
1719,1066,885,0,1,Pumptok
1720,1070,39,1,0,OvaDrive
1721,1071,9,0,1,OvaDrive
1722,1071,197,1,1,OvaDrive
1723,1073,9,0,1,OvaDrive
1724,1073,39,1,1,OvaDrive
1725,1073,180,1,0,OvaDrive
1726,1073,216,1,0,OvaDrive
1727,1073,237,1,0,OvaDrive
1728,1073,278,0,1,OvaDrive
1729,1074,741,0,1,Pumptok
1730,1074,882,0,1,Pumptok
1731,1075,741,0,1,Pumptok
1732,1075,766,0,1,Pumptok
1733,1075,774,0,1,Pumptok
1734,1075,882,0,1,Pumptok
1735,1076,741,0,1,Pumptok
1736,1076,882,0,1,Pumptok
1737,1077,741,0,1,Pumptok
1738,1077,860,0,1,Pumptok
1739,1077,882,0,1,Pumptok
1740,1078,741,0,1,Pumptok
1741,1078,882,0,1,Pumptok
1742,1079,470,0,1,Pumptok
1743,1079,730,0,1,Pumptok
1744,1079,741,0,1,Pumptok
1745,1079,818,0,1,Pumptok
1746,1079,843,0,1,Pumptok
1747,1079,856,0,1,Pumptok
1748,1079,882,0,1,Pumptok
1749,1079,891,0,1,Pumptok
1750,1080,759,0,1,Pumptok
1751,1080,774,0,1,Pumptok
1752,1080,784,0,1,Pumptok
1753,1080,813,0,1,Pumptok
1754,1080,843,0,1,Pumptok
1755,1080,882,0,1,Pumptok
1756,1080,887,0,1,Pumptok
1757,1080,891,0,1,Pumptok
1758,1081,470,0,1,Pumptok
1759,1081,741,0,1,Pumptok
1760,1081,781,0,1,Pumptok
1761,1081,784,0,1,Pumptok
1762,1081,836,0,1,Pumptok
1763,1081,843,0,1,Pumptok
1764,1081,882,0,1,Pumptok
1765,1081,891,0,1,Pumptok
1766,1082,741,0,1,Pumptok
1767,1082,836,0,1,Pumptok
1768,1082,843,0,1,Pumptok
1769,1082,882,0,1,Pumptok
1770,1082,887,0,1,Pumptok
1771,1082,891,0,1,Pumptok
1772,1083,470,0,1,Pumptok
1773,1083,741,0,1,Pumptok
1774,1083,793,0,1,Pumptok
1775,1083,836,0,1,Pumptok
1776,1083,843,0,1,Pumptok
1777,1083,868,0,1,Pumptok
1778,1083,882,0,1,Pumptok
1779,1083,891,0,1,Pumptok
1780,1084,741,0,1,Pumptok
1781,1084,797,0,1,Pumptok
1782,1084,834,0,1,Pumptok
1783,1084,836,0,1,Pumptok
1784,1084,843,0,1,Pumptok
1785,1084,853,0,1,Pumptok
1786,1084,882,0,1,Pumptok
1787,1084,891,0,1,Pumptok
1788,1085,741,0,1,Pumptok
1789,1085,759,0,1,Pumptok
1790,1085,784,0,1,Pumptok
1791,1085,797,0,1,Pumptok
1792,1085,843,0,1,Pumptok
1793,1085,853,0,1,Pumptok
1794,1085,882,0,1,Pumptok
1795,1085,891,0,1,Pumptok
1796,1086,741,0,1,Pumptok
1797,1086,759,0,1,Pumptok
1798,1086,774,0,1,Pumptok
1799,1086,777,0,1,Pumptok
1800,1086,784,0,1,Pumptok
1801,1086,836,0,1,Pumptok
1802,1086,843,0,1,Pumptok
1803,1086,846,0,1,Pumptok
1804,1086,882,0,1,Pumptok
1805,1086,891,0,1,Pumptok
1806,1087,741,0,1,Pumptok
1807,1087,774,0,1,Pumptok
1808,1087,818,0,1,Pumptok
1809,1087,843,0,1,Pumptok
1810,1087,846,0,1,Pumptok
1811,1087,882,0,1,Pumptok
1812,1087,891,0,1,Pumptok
1813,1087,892,0,1,Pumptok
1814,1088,283,0,1,Pumptok
1815,1088,470,0,1,Pumptok
1816,1088,730,0,1,Pumptok
1817,1088,733,0,1,Pumptok
1818,1088,741,0,1,Pumptok
1819,1088,751,0,1,Pumptok
1820,1088,784,0,1,Pumptok
1821,1088,810,0,1,Pumptok
1822,1088,818,0,1,Pumptok
1823,1088,834,0,1,Pumptok
1824,1088,843,0,1,Pumptok
1825,1088,846,0,1,Pumptok
1826,1088,853,0,1,Pumptok
1827,1088,861,0,1,Pumptok
1828,1088,868,0,1,Pumptok
1829,1088,871,0,1,Pumptok
1830,1088,887,0,1,Pumptok
1831,1088,891,0,1,Pumptok
1832,1088,896,0,1,Pumptok
1833,1092,771,0,1,Vible
1834,1092,775,0,1,Vible
1835,1092,819,0,1,Vible
1836,1092,823,0,1,Vible
1837,1092,878,0,1,Vible
1838,1096,19,0,1,Vible
1839,1098,917,0,1,Vible
1840,1099,1,0,1,Vible
1841,1100,911,0,1,Vible
1842,1104,917,0,1,Vible
1843,1110,920,0,1,Vible
